"","RadolanGT10mm","RadolanSum","RadolanMax","K_factor","L_factor","S_factor","NDVI","Erosion_class","Phase","Eroding"
"1",2,474,325,0.468080676,2.060310154,1.148482385,0.307115942239761,"1",12,"Eroded"
"2",2,474,325,0.292739048,1.130272464,0.322441824,0.275310456752777,"1",12,"Eroded"
"3",0,201,87,0.550000012,1.031663999,0.321072414,0.284987881779671,"0",12,"Non-eroded"
"4",0,203.5,90.5,0.516196552,2.160501365,0.787071455,0.410170137882233,"0",12,"Non-eroded"
"5",0,209,82,0.528669074,2.507830694,0.694920974,0.349389493465424,"3",12,"Eroded"
"6",0,201,87,0.400000006,3.393746414,0.600126485,0.486081391572952,"2",12,"Eroded"
"7",0,229,90,0.473514542,2.243198485,1.955658408,0.224302023649216,"0",10,"Non-eroded"
"8",0,209,63,0.550000012,2.373194155,0.60406827,0.671065747737885,"1",10,"Eroded"
"9",1,258,112,0.548953836,2.81510967,2.111799477,0.208541601896286,"3",10,"Eroded"
"10",0,31,18,0.300000012,2.412566319,0.676658158,0.712330996990204,"0",12,"Non-eroded"
"11",0,31,18,0.349999994,2.07563803,0.690667991,0.497996956110001,"0",12,"Non-eroded"
"12",0,23,11,0.292763168,2.552961534,0.635966422,0.672975093126297,"0",12,"Non-eroded"
"13",1,152,123,0.349999994,0.467767768,0.150357848,0.39884540438652,"0",12,"Non-eroded"
"14",1,152,123,0.356967481,1.581866623,0.354032185,0.380279958248138,"0",12,"Non-eroded"
"15",1,152,123,0.349999994,2.249140248,0.488494419,0.276655048131943,"2",12,"Eroded"
"16",1,138,103,0.30814467,0.916346215,0.208600445,0.527252852916718,"1",12,"Eroded"
"17",0,106,91,0.25,3.046999748,1.00786081,0.37107527256012,"3",12,"Eroded"
"18",1,173,149,0.298047144,2.505866761,1.105999965,0.770889759063721,"2",12,"Eroded"
"19",1,191,167,0.25,2.043444342,0.775044151,0.200129970908165,"3",12,"Eroded"
"20",1,187,165.5,0.253888094,2.658526858,1.894298934,0.472674757242203,"3",12,"Eroded"
"21",1,177.5,153.5,0.29361956,2.253248442,0.4503283,0.443181753158569,"2",12,"Eroded"
"22",1,173,149,0.299313355,2.591309614,0.687256681,0.584625840187073,"3",12,"Eroded"
"23",1,191,167,0.249638834,2.973819278,0.8924173,0.27350727468729,"3",12,"Eroded"
"24",0,106,91,0.249389055,2.803496111,2.188902683,0.427885957062245,"3",12,"Eroded"
"25",0,106,91,0.25002657,2.75348309,1.34477526,0.384853437542915,"0",12,"Non-eroded"
"26",0,106,91,0.25,2.269339314,1.162696133,0.301684767007828,"3",12,"Eroded"
"27",0,65,36,0.217251622,1.185886607,0.248348587,0.606486737728119,"1",12,"Eroded"
"28",1,219,195,0.200000003,2.975711423,0.687462884,0.636178553104401,"1",12,"Eroded"
"29",1,191,167,0.209536085,4.092262585,1.315238052,0.511914536356926,"3",12,"Eroded"
"30",1,183,160,0.262781958,4.727008543,1.160693383,0.51221889257431,"2",12,"Eroded"
"31",1,202,181,0.25,2.300210981,0.715327049,0.40517383813858,"2",12,"Eroded"
"32",1,219,195,0.250017384,2.647162784,0.96178165,0.512933135032654,"3",12,"Eroded"
"33",1,223,204,0.25010846,2.465021693,0.858346272,0.417407095432281,"3",12,"Eroded"
"34",1,183,160,0.246823205,3.431410912,0.707165111,0.45614692568779,"2",12,"Eroded"
"35",1,219,195,0.212728382,3.275893418,1.297506296,0.518106162548065,"3",12,"Eroded"
"36",1,186.5,161,0.242410016,2.586575948,1.194219377,0.496403515338898,"2",12,"Eroded"
"37",1,223,204,0.25,2.738992535,0.71735681,0.474459141492844,"2",12,"Eroded"
"38",1,183,160,0.25212766,4.753753713,1.157585634,0.482224375009537,"3",12,"Eroded"
"39",1,191,167,0.219302924,5.718302136,1.09777826,0.462451010942459,"3",12,"Eroded"
"40",1,183,160,0.25,3.844357701,0.880498303,0.573184847831726,"2",12,"Eroded"
"41",1,182,155,0.26073647,2.270761588,1.784362408,0.420080557465553,"3",12,"Eroded"
"42",1,191,167,0.200000003,4.259764014,2.084915617,0.513044983148575,"3",12,"Eroded"
"43",1,182,155,0.260328133,2.333849383,0.418264796,0.568115502595901,"2",12,"Eroded"
"44",1,202,181,0.251123595,3.657635953,0.789747742,0.221044331789017,"3",12,"Eroded"
"45",1,183,160,0.253233831,1.691644555,0.335845955,0.299584940075874,"2",12,"Eroded"
"46",1,202,181,0.25,3.369447827,0.991920845,0.415544390678406,"2",12,"Eroded"
"47",1,191,167,0.208788776,3.659688606,1.923139318,0.520825564861298,"3",12,"Eroded"
"48",1,220,198,0.258238939,3.568911197,1.142351228,0.620076477527618,"3",12,"Eroded"
"49",0,65,36,0.212123359,2.013026693,0.395319588,0.330350562930107,"2",12,"Eroded"
"50",0,65,36,0.212740682,2.654886112,0.58551629,0.659969955682755,"3",12,"Eroded"
"51",1,138,112,0.238067228,2.67902521,0.607185604,0.370543152093887,"2",12,"Eroded"
"52",1,173,149,0.32669883,1.110133145,0.48450106,0.734387934207916,"2",12,"Eroded"
"53",1,205.5,182.5,0.21401604,2.955950888,1.075813946,0.591374903917313,"3",12,"Eroded"
"54",1,182,155,0.31050119,2.901872315,0.581378853,0.562442362308502,"3",12,"Eroded"
"55",1,202,181,0.25,2.839862335,0.593580339,0.180975161492825,"3",12,"Eroded"
"56",1,138,112,0.400000006,2.337199185,0.397217053,0.283239245414734,"2",12,"Eroded"
"57",1,138,112,0.376900413,1.45947849,0.282194062,0.474820852279663,"2",12,"Eroded"
"58",1,138,112,0.349999994,1.938413063,0.413299171,0.306161493062973,"2",12,"Eroded"
"59",1,138,103,0.400000006,1.491957012,0.488489165,0.246754564344883,"2",12,"Eroded"
"60",1,138,112,0.353578855,2.025457759,0.460264159,0.214734554290771,"1",12,"Eroded"
"61",0.5,119.5,89,0.374602549,1.583767884,0.299070351,0.258746773004532,"1",12,"Eroded"
"62",1,173,149,0.300000012,3.420861271,0.640223102,0.341272175312042,"2",12,"Eroded"
"63",1,420,316,0.241723764,1.732958489,0.75713726,0.271472275257111,"0",12,"Non-eroded"
"64",1,315,197,0.263669305,2.266730895,0.903204614,0.363070547580719,"2",12,"Eroded"
"65",1,311,258,0.150000006,2.22578446,0.499780335,0.539152249693871,"1",12,"Eroded"
"66",1,311,258,0.199421968,1.962658959,0.982735086,0.366723597049713,"3",12,"Eroded"
"67",1,447,363,0.200160389,1.68811043,0.507827046,0.471186131238937,"2",12,"Eroded"
"68",1,473,380,0.151507788,1.291737354,0.35649137,0.629713401198387,"1",12,"Eroded"
"69",2,546,393,0.194073739,2.11136107,1.221590237,0.48869851231575,"2",12,"Eroded"
"70",2,504,341.5,0.18058152,2.712732604,0.705227076,0.446206092834473,"1",34,"Eroded"
"71",1,311,258,0.176909722,1.131300312,0.378035229,0.706098139286041,"0",12,"Non-eroded"
"72",1,469,425,0.181194564,2.152780601,0.686794618,0.456356167793274,"3",12,"Eroded"
"73",1,447,363,0.163865551,2.374055675,0.908399471,0.446909457445145,"3",12,"Eroded"
"74",1,469,425,0.155389227,1.790175495,0.428074058,0.456379652023315,"2",12,"Eroded"
"75",1,458,394,0.200000003,1.775457836,0.438147314,0.501683443784714,"2",12,"Eroded"
"76",1,473,380,0.155239931,2.393632049,1.323610287,0.348675221204758,"1",12,"Eroded"
"77",1,473,380,0.144747913,2.096815205,0.801235971,0.538316249847412,"2",12,"Eroded"
"78",1,311,258,0.192698774,1.65624385,0.38795589,0.510724365711212,"1",12,"Eroded"
"79",1,511,394,0.222970087,2.777027777,0.995925785,0.507300436496735,"3",12,"Eroded"
"80",1,496,353,0.159146044,2.060548836,0.88766808,0.214889392256737,"3",12,"Eroded"
"81",1,469,425,0.198594525,2.024595587,0.51706138,0.396178796887398,"1",12,"Eroded"
"82",1,469,425,0.200000003,1.7587277,0.642374456,0.398217916488647,"2",12,"Eroded"
"83",2,580,429,0.223064118,2.454136553,0.794863549,0.561267584562302,"1",12,"Eroded"
"84",2,627,417,0.355350986,1.662825086,0.388966367,0.555255800485611,"0",12,"Non-eroded"
"85",2,643.5,449.5,0.246761454,2.210774092,1.076211431,0.308382749557495,"3",12,"Eroded"
"86",2,660,482,0.200000003,1.775368962,0.492187888,0.347750455141068,"1",12,"Eroded"
"87",2,627,436,0.237691007,1.578967458,0.374489908,0.397368133068085,"1",12,"Eroded"
"88",2,627,417,0.276785724,1.507441962,0.338578467,0.468422681093216,"1",12,"Eroded"
"89",2,627,467,0.253940073,2.374426193,0.590596618,0.225300475955009,"3",12,"Eroded"
"90",2,627,467,0.273088788,1.835796546,0.379224218,0.202073432505131,"2",12,"Eroded"
"91",2,627,417,0.239776537,2.270785475,0.878252701,0.391660869121552,"3",12,"Eroded"
"92",2,627,436,0.200000003,1.336857652,0.244313445,0.206065535545349,"1",12,"Eroded"
"93",1,313,101,0.325925936,1.954362139,0.809195967,0.906487345695496,"0",67,"Non-eroded"
"94",0.5,306,94.5,0.300000012,3.245232742,0.792212372,0.866633921861649,"2",67,"Eroded"
"95",1,307,106,0.284871583,2.845966696,1.330718013,0.673343241214752,"1",67,"Eroded"
"96",1,307,106,0.308000006,3.424698046,1.447797747,0.789808928966522,"1",67,"Eroded"
"97",1,296,130,0.300000012,2.995492553,2.007104543,0.637752920389175,"0",67,"Non-eroded"
"98",1,330,122,0.34742063,2.354241074,1.084295257,0.827512741088867,"0",67,"Non-eroded"
"99",1,250,122,0.277534564,3.150701232,0.867554464,0.388350248336792,"0",67,"Non-eroded"
"100",1,330,122,0.349999994,2.602962687,1.089153742,0.855743765830994,"1",67,"Eroded"
"101",1,296,130,0.299695862,3.192888768,1.352217253,0.856908828020096,"3",67,"Eroded"
"102",0,267,92,0.339955353,2.506756378,1.472241002,0.887403905391693,"1",67,"Eroded"
"103",1,302,105,0.300000012,4.055736701,1.478759653,0.942641347646713,"0",67,"Non-eroded"
"104",2,604,210,0.300000012,2.545105573,1.312492155,0.736569583415985,"1",67,"Eroded"
"105",0,330,98,0.300000012,2.38351806,1.001539244,0.981328696012497,"1",67,"Eroded"
"106",0,267,92,0.300000012,3.769954106,1.970245069,0.85260671377182,"1",67,"Eroded"
"107",1,501,416,0.301966539,3.522365772,1.834505848,0.188502855598927,"2",12,"Eroded"
"108",1,382,293,0.301914833,2.516503007,0.826180988,-0.008268302539364,"2",12,"Eroded"
"109",1,379,264,0.219009011,2.146900901,1.512859871,0.030703136697412,"3",12,"Eroded"
"110",1,441,366,0.322584739,3.63746348,1.074929461,0.19471387565136,"2",12,"Eroded"
"111",1,337,237,0.296019203,3.016301524,1.292517772,-0.069926343858242,"3",12,"Eroded"
"112",2,852,592,0.287725501,2.678542747,1.214074104,0.157903008162975,"3",12,"Eroded"
"113",1,496,307,0.195065793,1.830928947,1.282454143,0.253367409110069,"3",12,"Eroded"
"114",1,426,296,0.303125011,3.246070655,0.996854126,0.084050446748734,"3",12,"Eroded"
"115",1,496,307,0.183743594,2.871808204,1.080028187,0.230971805751324,"3",12,"Eroded"
"116",1,315,189,0.393456931,3.564189745,0.594229893,0.131317228078842,"1",12,"Eroded"
"117",4,1122,756,0.199684179,3.35393102,1.620996116,0.227258563041687,"2",12,"Eroded"
"118",1,395,236,0.276507542,4.804247483,1.216579319,0.302464097738266,"3",12,"Eroded"
"119",1,426,296,0.306682015,1.896278494,1.651906012,0.128327421844006,"3",12,"Eroded"
"120",1,496,307,0.200000003,2.237478221,0.607792234,0.190129786729813,"2",12,"Eroded"
"121",1,379,264,0.194293872,2.71240585,0.902317903,0.081709444522858,"1",12,"Eroded"
"122",2,375,185,0.266067554,3.694970256,0.912374833,0.250711143016815,"3",12,"Eroded"
"123",2,375,185,0.302947933,2.386055988,1.633989067,0.387271210551262,"1",12,"Eroded"
"124",2,790,472,0.286319621,2.708940076,0.682360043,0.255239635705948,"2",12,"Eroded"
"125",1,426,296,0.300044143,3.677987645,1.217319768,0.305447369813919,"3",12,"Eroded"
"126",2,635,381,0.258980585,3.503854373,1.259562804,0.207016743719578,"3",12,"Eroded"
"127",2,633,409,0.178243025,2.15548421,1.10419551,0.5040243268013,"3",12,"Eroded"
"128",2,546,256,0.23978692,2.435099298,1.867286001,0.643856763839722,"1",12,"Eroded"
"129",2,546,294,0.342689,2.922770239,1.857664165,0.56061452627182,"3",12,"Eroded"
"130",1,398,165,0.304670302,2.548081421,1.8401883,0.866236686706543,"1",48.6666666666667,"Eroded"
"131",1,398,165,0.550000012,2.167448966,0.787171146,0.774299561977386,"1",12,"Eroded"
"132",2,497,249,0.550000012,2.463673634,0.59885887,0.694865763187408,"2",39.5,"Eroded"
"133",1,480,263,0.546089912,2.53511484,0.794009127,0.283629894256592,"0",12,"Non-eroded"
"134",2,394,135,0.526379888,1.951868961,0.557883096,0.804456114768982,"1",67,"Eroded"
"135",2,480,249,0.550000012,2.59971544,0.724055094,0.711493968963623,"2",30.3333333333333,"Eroded"
"136",1,482,298,0.550000012,2.231000001,0.810293899,0.718897759914398,"2",12,"Eroded"
"137",1,480,263,0.546754978,2.217064902,0.812411249,0.759062528610229,"1",12,"Eroded"
"138",1,328,230,0.339223727,2.092223241,1.1826319,0.229669407010078,"0",19,"Non-eroded"
"139",1,381.5,153,0.452804599,2.488214973,1.041526876,0.922898292541504,"1",23,"Eroded"
"140",1,398,165,0.550000012,2.216483954,0.951327818,0.836890935897827,"1",12,"Eroded"
"141",1,398,165,0.407718639,2.167425852,1.126453938,0.580905139446259,"1",23,"Eroded"
"142",1,335,230.5,0.384923444,1.943204357,0.77967418,0.21541403234005,"0",19,"Non-eroded"
"143",2,507,258,0.433333337,2.237217025,1.883959885,0.596955120563507,"3",67,"Eroded"
"144",2,507,258,0.414057148,2.722212568,1.319650254,0.730097830295563,"2",67,"Eroded"
"145",2,531,307,0.299773426,2.329538402,0.902896155,0.069722138345242,"2",12,"Eroded"
"146",2,440,223,0.305038552,2.746504167,1.459282396,0.218575365841389,"3",12,"Eroded"
"147",2,689,381,0.299922261,2.700901116,2.146683557,0.268123418092728,"2",12,"Eroded"
"148",2,689,381,0.203239439,2.783635933,2.401225685,0.269938692450523,"1",12,"Eroded"
"149",1,327,163,0.363134165,2.321063136,2.102217339,0.290930762887001,"3",12,"Eroded"
"150",2,597,380,0.300000012,2.092777569,0.801034126,0.453999556601048,"2",12,"Eroded"
"151",1,438,269,0.236420708,2.975779352,2.209110095,0.358546286821365,"3",12,"Eroded"
"152",1,438,269,0.302883695,3.820504295,2.181487884,0.486759945750237,"3",12,"Eroded"
"153",1,438,269,0.249897619,2.357573811,2.931349966,0.459692239761353,"3",12,"Eroded"
"154",1,438,269,0.204168025,2.914869626,2.829038967,0.460959911346436,"2",12,"Eroded"
"155",1,580,412,0.292102149,3.347247033,1.513522756,0.315539628267288,"1",12,"Eroded"
"156",1,377,324,0.350058749,2.183689778,0.544010339,0.622260928153992,"2",10,"Eroded"
"157",1,358,298,0.306446818,1.709023403,0.521645014,0.446123361587524,"2",10,"Eroded"
"158",1,340,276,0.300000012,2.031331025,1.515187833,0.411597535014153,"3",10,"Eroded"
"159",1,377,324,0.298405209,1.825151108,0.45444587,0.363533049821854,"1",10,"Eroded"
"160",1,425,288,0.259363716,2.037719557,2.491764821,-0.11883707344532,"3",12,"Eroded"
"161",1,580,412,0.299974122,2.056048542,1.321355837,-0.005464202724397,"2",12,"Eroded"
"162",1,336,203,0.254775032,2.430117082,1.369700144,0.152368649840355,"2",12,"Eroded"
"163",1,354,267,0.279842113,2.080259589,1.629696725,0.287184998393059,"2",12,"Eroded"
"164",1,375,287,0.29924439,2.25023111,0.785258541,0.202248990535736,"1",12,"Eroded"
"165",1,375,287,0.300000012,2.384364918,0.875711006,0.209123834967613,"2",12,"Eroded"
"166",1,373,243,0.299207199,3.375174828,1.739626816,0.655081629753113,"1",67,"Eroded"
"167",1,414,249,0.256025062,3.272674008,2.607044839,0.828308314085007,"0",67,"Non-eroded"
"168",4,1912,960,0.400000006,2.460041139,1.873501553,0.585242599248886,"0",12,"Non-eroded"
"169",4,1352,512,0.326993437,3.435559227,1.406292032,0.477430492639542,"2",12,"Eroded"
"170",8,1772,604,0.25045789,2.706640856,1.805953306,0.594309836626053,"1",12,"Eroded"
"171",4,1940,824,0.25697202,2.524824374,1.70950201,0.388055503368378,"3",12,"Eroded"
"172",2,348,258,0.349039775,2.074838134,0.867841159,0.797451674938202,"0",67,"Non-eroded"
"173",4,519,261.5,0.301672011,2.140115151,1.890055294,0.788147881627083,"0",67,"Non-eroded"
"174",4,502,238,0.326869809,2.916348191,1.157961386,0.829169124364852,"0",67,"Non-eroded"
"175",4,520,242,0.333856578,1.792353883,1.753631833,0.609700798988342,"0",67,"Non-eroded"
"176",4,522,258,0.300000012,2.510557524,1.854843285,0.633684694766998,"0",67,"Non-eroded"
"177",4,520,242,0.300000012,1.968850744,0.827308736,0.616563439369202,"0",67,"Non-eroded"
"178",4,522,258,0.300000012,2.379802593,0.825002705,0.733659327030182,"0",67,"Non-eroded"
"179",2,344,194,0.430804475,3.016623422,1.202206253,0.693205267190933,"1",12,"Eroded"
"180",2,344,194,0.471311985,2.351279973,0.614967179,0.629984438419342,"3",12,"Eroded"
"181",1,299,265.5,0.438516594,2.07864281,1.008013584,0.557466506958008,"3",67,"Eroded"
"182",1,395,362,0.495857806,2.800899847,0.739067008,0.592889368534088,"3",67,"Eroded"
"183",1,280,248,0.466037658,2.532085167,1.052864186,0.585977613925934,"3",67,"Eroded"
"184",1,363,328,0.472384879,2.049376805,0.797635784,0.843436717987061,"3",67,"Eroded"
"185",1,363,328,0.51136784,1.810045471,0.89486869,0.756678521633148,"3",67,"Eroded"
"186",1,331,299,0.447768992,2.571620412,1.201945807,0.725057870149612,"3",67,"Eroded"
"187",2,367,236,0.509421334,2.229032686,0.484158202,0.526176512241364,"0",67,"Non-eroded"
"188",2,367,236,0.500042517,1.613698977,0.381108036,0.558670163154602,"0",67,"Non-eroded"
"189",2,376,240,0.400000006,0.593609512,0.172367514,0.690852582454681,"0",67,"Non-eroded"
"190",2,368,238.5,0.547787126,2.641510364,0.558012836,0.53012090921402,"0",67,"Non-eroded"
"191",2,376,240,0.463393942,1.459936969,0.919063592,0.700781464576721,"0",67,"Non-eroded"
"192",2,376,240,0.499365583,0.808817206,0.207341772,0.668688118457794,"0",67,"Non-eroded"
"193",2,346,204,0.446173973,2.474295617,0.583462782,0.621300578117371,"1",67,"Eroded"
"194",2,401,270,0.499488189,0.446907084,0.18240051,0.802159905433655,"0",67,"Non-eroded"
"195",2,376,240,0.5,0.749186465,0.22733652,0.685021370649338,"0",67,"Non-eroded"
"196",2,342,204.5,0.458740502,2.1825114,0.825322884,0.62697446346283,"0",67,"Non-eroded"
"197",0,153,83,0.537788171,2.769952647,0.607470102,0.575335443019867,"1",67,"Eroded"
"198",0,151,73,0.465541713,2.667816543,1.503400805,0.632163316011429,"2",67,"Eroded"
"199",2,284,147,0.485939372,2.821269857,0.959792543,0.708442196249962,"0",67,"Non-eroded"
"200",2,378,254,0.339741713,2.731222169,0.609722218,0.616576671600342,"3",67,"Eroded"
"201",2,372.5,247.5,0.496864452,3.047985259,0.892153917,0.619155764579773,"3",67,"Eroded"
"202",1,337,222,0.320096002,3.870630136,1.566455392,0.643176198005676,"2",67,"Eroded"
"203",2,301,159,0.491079366,3.057916509,0.82541337,0.824356853961945,"2",12,"Eroded"
"204",2,301,159,0.532915069,2.178494202,0.937032659,0.862988173961639,"2",12,"Eroded"
"205",2,315,175,0.482318113,2.565263111,0.842594382,0.624985814094543,"3",12,"Eroded"
"206",2,307,155,0.513947913,3.859448942,0.977746174,0.420588940382004,"2",12,"Eroded"
"207",4,614,310,0.494384769,2.666858397,0.95581813,0.491602957248688,"1",12,"Eroded"
"208",2,319,175,0.500715043,3.129863638,1.386993135,0.639526665210724,"2",12,"Eroded"
"209",2,319,170,0.499621212,2.134977275,1.445187896,0.41823735833168,"1",12,"Eroded"
"210",2,321,167,0.50277455,2.597851248,0.881299905,0.400087505578995,"3",12,"Eroded"
"211",2,301,159,0.550000012,2.498784563,0.910704629,0.820479094982147,"0",12,"Non-eroded"
"212",2,297,164,0.549045191,2.94617187,0.665239133,0.722695261240005,"0",12,"Non-eroded"
"213",2,297,164,0.397821986,2.70837951,0.926175714,0.778848171234131,"1",12,"Eroded"
"214",2,315,175,0.545440262,2.084988992,0.497401212,0.501981347799301,"1",12,"Eroded"
"215",2,305.5,160.5,0.464977632,2.951196705,1.111814787,0.608849972486496,"1",12,"Eroded"
"216",2,304,162,0.422702707,2.379754957,0.842581776,0.521925508975983,"0",12,"Non-eroded"
"217",2,315,175,0.444427171,2.664600131,0.853654661,0.493198499083519,"2",12,"Eroded"
"218",2,319,170,0.486994299,2.852297041,0.801582225,0.570003718137741,"2",12,"Eroded"
"219",2,315,175,0.521322075,2.847717686,0.711727177,0.75352931022644,"1",12,"Eroded"
"220",1,283,133,0.472145671,1.718396653,0.835613927,0.183804050087929,"2",12,"Eroded"
"221",2,275,154,0.301669934,0.337250649,0.158581846,0.450885832309723,"0",12,"Non-eroded"
"222",2,278,154,0.499823899,2.585072455,0.65659359,0.616265296936035,"2",12,"Eroded"
"223",2,275,154,0.5,2.387670389,0.632926614,0.798097759485245,"1",12,"Eroded"
"224",2,275,154,0.301501295,0.363624462,0.14047296,0.584854871034622,"0",12,"Non-eroded"
"225",1,283,148,0.494196429,2.255886673,0.836101385,0.200297355651855,"1",12,"Eroded"
"226",1,253,115,0.497386134,2.849042405,0.705959417,0.191915646195412,"2",12,"Eroded"
"227",1,283,148,0.496976448,2.827719291,1.830174834,0.223050475120544,"1",12,"Eroded"
"228",1,286.5,143,0.5,2.276615288,1.437502364,0.207072123885155,"1",12,"Eroded"
"229",1,283,133,0.400000006,2.15280664,1.081264817,0.189679756760597,"3",12,"Eroded"
"230",2,290,169,0.459473969,0.277015028,0.115885674,0.45989990234375,"0",12,"Non-eroded"
"231",2,287.5,167,0.411599863,0.404533521,0.168875475,0.450700804591179,"0",12,"Non-eroded"
"232",2,287.5,167,0.359715477,0.291059332,0.127803049,0.437347158789635,"0",12,"Non-eroded"
"233",2,268.5,139,0.500124417,2.81875718,0.551647615,0.258614063262939,"2",12,"Eroded"
"234",2,290,169,0.455698425,0.456397426,0.151287871,0.478383049368858,"0",12,"Non-eroded"
"235",1,253,115,0.499209968,2.455112597,1.002402935,0.167818948626518,"1",12,"Eroded"
"236",2,325,173,0.499007718,0.408051266,0.144449598,0.765709459781647,"0",12,"Non-eroded"
"237",2,317,151,0.5,3.071685325,1.029754486,0.610101580619812,"0",12,"Non-eroded"
"238",2,345,183,0.484799445,0.446740455,0.175817265,0.45388787984848,"0",12,"Non-eroded"
"239",1,270,131,0.468317347,3.204415866,1.25309927,0.573853731155396,"1",12,"Eroded"
"240",2,290,169,0.250153218,0.250372827,0.114058205,0.364604383707047,"0",12,"Non-eroded"
"241",1,283,148,0.499387255,2.516860292,1.25072231,0.172696620225906,"3",12,"Eroded"
"242",2,285,165,0.300000012,0.382497436,0.130808983,0.526326715946198,"0",12,"Non-eroded"
"243",1,263,106,0.499143207,1.787916767,0.5283566,0.169764675199986,"2",12,"Eroded"
"244",1,290,138,0.400000006,2.232559168,1.586502574,0.226423799991608,"2",12,"Eroded"
"245",2,290,169,0.457212408,0.252665343,0.117652653,0.404896110296249,"0",12,"Non-eroded"
"246",2,344,194,0.496310403,3.046789097,1.110354996,0.644242703914642,"0",12,"Non-eroded"
"247",2,327,179.5,0.533645667,3.234381844,1.090347809,0.592315316200256,"0",12,"Non-eroded"
"248",2,320,180,0.549399669,0.924462261,0.209806085,0.46921968460083,"0",12,"Non-eroded"
"249",2,320,180,0.549831093,0.509513933,0.153404456,0.580445140600204,"0",12,"Non-eroded"
"250",2,338,191,0.550000012,3.231441304,0.962465289,0.773480474948883,"1",12,"Eroded"
"251",1,282,195,0.550000012,0.465002751,0.147375422,0.304037630558014,"2",12,"Eroded"
"252",2,346,193,0.5,3.15907744,0.695625598,0.674829065799713,"2",12,"Eroded"
"253",2,344,194,0.532392788,2.423447706,1.541733749,0.674449890851974,"3",12,"Eroded"
"254",2,349,193,0.385546727,2.71998184,1.10347022,0.470007091760635,"2",12,"Eroded"
"255",1.5,294.5,189.5,0.550000012,0.451407682,0.153863863,0.417205035686493,"0",12,"Non-eroded"
"256",2,325,174,0.497669173,2.295606768,1.00454404,0.794336497783661,"1",12,"Eroded"
"257",2,330,178,0.550000012,2.423819725,0.705413528,0.597649812698364,"1",12,"Eroded"
"258",2,330,178,0.547319359,1.241307689,0.302970141,0.549131333827972,"0",12,"Non-eroded"
"259",2,325,174,0.475137022,2.308514946,1.552098292,0.580765545368195,"1",12,"Eroded"
"260",2,325,174,0.498446328,3.070479521,1.214835329,0.633812546730042,"1",12,"Eroded"
"261",2,309,173,0.49059159,2.212609718,1.570323048,0.757480546832084,"1",12,"Eroded"
"262",2,293,175,0.440979382,3.571192007,1.744511546,0.650894403457642,"3",12,"Eroded"
"263",2,303.5,182.5,0.550000012,1.65511158,0.459132836,0.477923572063446,"2",12,"Eroded"
"264",0,206,90,0.4823201,2.98726241,1.064968468,0.258990079164505,"0",12,"Non-eroded"
"265",0,206,90,0.5,3.855913295,0.856013012,0.188535705208778,"1",12,"Eroded"
"266",0,206,90,0.485185186,3.382661092,1.26975064,0.2609543800354,"3",12,"Eroded"
"267",0,206,90,0.5,2.682974595,0.759162138,0.271096676588058,"2",12,"Eroded"
"268",0,210,81,0.499724682,2.822342705,0.938610733,0.175515606999397,"3",12,"Eroded"
"269",0,210,81,0.503718493,2.685452062,0.981494272,0.163635537028313,"3",12,"Eroded"
"270",1,221,109,0.5,0.391187736,0.224199133,0.304482817649841,"0",12,"Non-eroded"
"271",0,198,82,0.550000012,1.928643013,0.448451675,0.201660178601742,"1",12,"Eroded"
"272",0,182,70,0.400000006,0.462963076,0.23564119,0.223812431097031,"0",12,"Non-eroded"
"273",0,206,90,0.497395422,3.296208364,1.528524491,0.28026507794857,"3",12,"Eroded"
"274",0,198,82,0.495641448,2.99719984,0.936345137,0.228657804429531,"1",12,"Eroded"
"275",1,250,112,0.499795868,2.716021644,1.183117782,0.491000205278397,"2",12,"Eroded"
"276",2,317,151,0.468044695,2.393531841,2.574845828,0.698355495929718,"0",12,"Non-eroded"
"277",2,317,151,0.5,2.27742418,0.764287412,0.194200187921524,"2",12,"Eroded"
"278",0,206,90,0.486627044,2.466138189,0.642794072,0.290721163153648,"3",12,"Eroded"
"279",0,232,89,0.474290401,2.701680128,0.784061749,0.242356151342392,"1",12,"Eroded"
"280",1,270,127,0.422300618,2.565321473,0.960692696,0.213412195444107,"3",12,"Eroded"
"281",1,270,127,0.499914749,2.515041778,2.214637542,0.222672671079636,"2",12,"Eroded"
"282",1,270,127,0.446754472,3.592352769,1.383497879,0.189348697662354,"3",12,"Eroded"
"283",1,252,144,0.499345238,2.372422858,0.994621318,0.174449101090431,"3",12,"Eroded"
"284",1,231,132,0.5,2.820667433,1.590368645,0.168440520763397,"3",12,"Eroded"
"285",1,265,137,0.5,2.701880932,0.73221069,0.158136300742626,"3",12,"Eroded"
"286",1,231,132,0.5,1.851294223,1.604902562,0.170033574104309,"2",12,"Eroded"
"287",1,252,144,0.497404844,1.835604673,1.259742574,0.192295357584953,"2",12,"Eroded"
"288",1,252,144,0.497491736,2.829033245,0.967153935,0.176839269697666,"3",12,"Eroded"
"289",1,231,132,0.5,2.265345324,1.172205925,0.173957243561745,"3",12,"Eroded"
"290",1,231,132,0.5,3.052984055,1.709801305,0.156403295695782,"3",12,"Eroded"
"291",1,251,126,0.470072994,2.574399634,2.234952097,0.20228835940361,"2",12,"Eroded"
"292",1,251,126,0.499496785,3.102331284,0.838130296,0.168487727642059,"2",12,"Eroded"
"293",1,251,126,0.498975672,3.03203073,1.305093287,0.216643452644348,"2",12,"Eroded"
"294",1,238,121,0.435421032,2.51097311,1.820957537,0.202582627534866,"3",12,"Eroded"
"295",0,175,80,0.5,2.89449753,1.39564177,0.229942142963409,"1",12,"Eroded"
"296",1,258,132,0.496039604,2.899677835,1.196495296,0.198296636343002,"3",12,"Eroded"
"297",1,258,132,0.490011784,2.77188217,1.354229435,0.170099541544914,"3",12,"Eroded"
"298",1,283,133,0.499227528,2.680968947,1.929739814,0.161066979169846,"1",12,"Eroded"
"299",1,258,132,0.5,2.117881039,1.953233622,0.185662895441055,"3",12,"Eroded"
"300",1,282,145,0.487406713,2.375267723,1.353476645,0.205485939979553,"3",12,"Eroded"
"301",1,271,140,0.5,2.207190951,1.145910973,0.198388449847698,"2",12,"Eroded"
"302",1,270,127,0.491599515,3.062257856,1.951788059,0.188934892416,"3",12,"Eroded"
"303",1,208,116,0.374017112,2.863225334,1.19515124,0.585342794656754,"1",12,"Eroded"
"304",1,233.5,144,0.5,2.962928237,0.983966152,0.218555092811584,"2",12,"Eroded"
"305",1,283,133,0.49824493,2.489710611,0.776488073,0.188537299633026,"3",12,"Eroded"
"306",1,208,107,0.399611807,2.408152173,1.084500252,0.323269382119179,"0",12,"Non-eroded"
"307",1,220,126,0.473841006,2.667731009,1.416913218,0.215864390134811,"3",12,"Eroded"
"308",1,166,101,0.489020772,2.472218738,1.47912729,0.208452358841896,"2",12,"Eroded"
"309",1,208,107,0.498877414,2.656099238,1.109553941,0.476656645536423,"0",12,"Non-eroded"
"310",1,270,127,0.499835391,2.078609874,1.511482855,0.18621651083231,"1",12,"Eroded"
"311",1,251,126,0.498716303,1.524681641,1.993310121,0.195825070142746,"2",12,"Eroded"
"312",1,201,116,0.498273657,2.139478693,1.173652462,0.602430164813995,"2",12,"Eroded"
"313",1,300,168,0.499099678,2.55598559,1.100431923,0.263783186674118,"2",12,"Eroded"
"314",1,251,126,0.496321526,2.30807015,1.978104856,0.174821957945824,"3",12,"Eroded"
"315",1,251,126,0.49799474,3.379183433,1.122781801,0.595536291599274,"1",12,"Eroded"
"316",1,251,126,0.5,3.746092071,1.909544412,0.320895552635193,"1",12,"Eroded"
"317",1,283,133,0.400307315,1.768561462,0.918774031,0.209693387150764,"3",12,"Eroded"
"318",1,220,126,0.497004462,2.389223707,1.234654258,0.188445091247559,"1",12,"Eroded"
"319",1,231,132,0.49098688,2.264528807,1.09914307,0.174447625875473,"1",12,"Eroded"
"320",1,273,119.5,0.40384616,3.60691084,1.29662335,0.188818275928497,"3",12,"Eroded"
"321",0,175,80,0.499492214,2.87337441,0.987851182,0.229366071522236,"2",12,"Eroded"
"322",1,258,132,0.449858551,1.634753133,1.815233691,0.168322421610355,"3",12,"Eroded"
"323",1,231,132,0.40218614,2.423301059,1.265517256,0.222445443272591,"3",12,"Eroded"
"324",1,218,137,0.466245138,2.332439688,1.226079245,0.211302697658539,"3",12,"Eroded"
"325",1,265,137,0.49125253,2.870750619,1.427742312,0.233578711748123,"3",12,"Eroded"
"326",1,251,126,0.5,2.448105863,1.791268792,0.212786182761192,"1",12,"Eroded"
"327",1,300,168,0.5,2.912449896,0.770618042,0.191720560193062,"1",12,"Eroded"
"328",1,201,116,0.5,2.217137038,1.077111553,0.209177032113075,"2",12,"Eroded"
"329",1,238,121,0.39597075,2.134561119,2.276549644,0.181489259004593,"1",12,"Eroded"
"330",1,252,144,0.5,2.286495338,1.003219073,0.178212329745293,"0",12,"Non-eroded"
"331",1,157,102,0.499908495,2.779204209,1.038115889,0.172564297914505,"2",12,"Eroded"
"332",1,259,171,0.5,2.514021305,0.627602581,0.151111111044884,"1",12,"Eroded"
"333",0,146,96,0.498638662,3.248759144,1.781896396,0.181320905685425,"3",12,"Eroded"
"334",1,241,176,0.5,4.796538161,0.65786755,0.167950130999088,"2",12,"Eroded"
"335",0,235,96,0.40093692,2.767975643,1.284837197,0.168254978954792,"1",12,"Eroded"
"336",1,205,107,0.5,2.550343803,0.936510167,0.179380185902119,"3",12,"Eroded"
"337",1,157,102,0.491658085,2.682041967,1.537092708,0.215647146105766,"2",12,"Eroded"
"338",1,155,112,0.482631406,2.516277941,1.539030142,0.408546641469002,"0",12,"Non-eroded"
"339",1,253,127,0.371876773,2.362594119,1.931410935,0.211336180567741,"3",12,"Eroded"
"340",1,202,107,0.155503151,2.049808178,2.105073556,0.263930387794971,"3",12,"Eroded"
"341",1,202,107,0.477308919,2.686816083,0.778282845,0.202179677784443,"3",12,"Eroded"
"342",1,202,107,0.396520769,2.419718293,2.083057422,0.215156458318233,"3",12,"Eroded"
"343",1,157,102,0.5,3.261356414,1.319317075,0.506987333297729,"3",12,"Eroded"
"344",1,202,107,0.5,2.173547341,0.606032524,0.205593109130859,"2",12,"Eroded"
"345",1,240,101,0.47408474,2.941291743,1.303385837,0.648606717586517,"2",12,"Eroded"
"346",1,259,171,0.303676482,1.922647976,1.64681199,0.225044898688793,"1",12,"Eroded"
"347",1,154,103,0.498811498,2.657941403,1.068747514,0.249808922410011,"2",12,"Eroded"
"348",1,249,134,0.498381634,2.196220172,0.705287376,0.259974800050259,"1",12,"Eroded"
"349",1,157,102,0.402251702,2.279475938,0.987007407,0.202276214957237,"2",12,"Eroded"
"350",1,157,102,0.49980456,2.266522473,1.034822633,0.22457666695118,"2",12,"Eroded"
"351",1,208,107,0.5,2.006366215,0.837461734,0.387764126062393,"1",12,"Eroded"
"352",1,241,176,0.487743985,3.637629143,1.187101737,0.185828424990177,"1",12,"Eroded"
"353",1,259,171,0.498013817,2.618831603,0.661632853,0.18280316144228,"1",12,"Eroded"
"354",1,240,117,0.5,2.558508022,0.828169557,0.582693755626678,"1",12,"Eroded"
"355",1,251,158,0.4797762,2.08909511,0.654942055,0.447551220655441,"1",12,"Eroded"
"356",1,198,144,0.49829606,2.897946751,1.956131117,0.18872544914484,"3",12,"Eroded"
"357",1,155,112,0.5,2.802541644,0.789815712,0.706027388572693,"1",12,"Eroded"
"358",1,241,176,0.5,2.699063995,0.523274967,0.696641325950623,"0",12,"Non-eroded"
"359",1,241,176,0.5,5.146548034,0.78426226,0.502703666687012,"0",12,"Non-eroded"
"360",0,146,96,0.499232359,2.999696781,1.695131909,0.211222976446152,"3",12,"Eroded"
"361",0,237,99,0.400000006,2.624300862,1.605544324,0.163002103567123,"1",12,"Eroded"
"362",1,255,159.5,0.5,2.451449358,0.470647388,0.159662917256355,"1",12,"Eroded"
"363",1,251,158,0.468996962,1.489389056,0.574786686,0.177004903554916,"1",12,"Eroded"
"364",0,227,97.5,0.5,2.211752056,0.866447245,0.216295540332794,"1",12,"Eroded"
"365",1,157,102,0.495652174,2.496954089,1.192524285,0.613529592752457,"2",12,"Eroded"
"366",1,240,117,0.5,2.56391629,1.18972891,0.181859329342842,"3",12,"Eroded"
"367",1,253,127,0.332035938,1.895709577,1.069107899,0.642751276493073,"1",12,"Eroded"
"368",1,244,117,0.499977309,2.471886318,0.78953721,0.500247463583946,"2",12,"Eroded"
"369",1,157,102,0.396095301,3.523296824,1.381302805,0.202622964978218,"1",12,"Eroded"
"370",1,240,117,0.499709935,2.713949964,1.25820391,0.185942277312279,"3",12,"Eroded"
"371",1,253,115,0.5,2.585658317,1.132948957,0.200975432991982,"3",12,"Eroded"
"372",0,235,96,0.446374547,1.8982723,1.378279307,0.200548633933067,"2",12,"Eroded"
"373",1,249,134,0.495123153,3.691006898,1.006036651,0.161053508520126,"2",12,"Eroded"
"374",1,240,117,0.492493639,1.791009542,0.735045079,0.215485289692879,"1",12,"Eroded"
"375",1,253,127,0.497284577,2.89618682,1.303014291,0.237194612622261,"2",12,"Eroded"
"376",1,246.5,116,0.499960085,2.500880522,0.85901776,0.178700014948845,"3",12,"Eroded"
"377",0,237,99,0.499209486,2.246517786,1.290857261,0.184075266122818,"2",12,"Eroded"
"378",0.5,237.5,98.5,0.400241844,2.179879686,1.185503619,0.21124829351902,"2",12,"Eroded"
"379",1,244,141,0.49935846,2.484632718,0.895131706,0.209439903497696,"1",12,"Eroded"
"380",1,244,141,0.5,2.69224872,1.061178989,0.190814904868603,"1",12,"Eroded"
"381",1,259,171,0.372598708,2.659893343,0.887106435,0.163864344358444,"1",12,"Eroded"
"382",1,205,104,0.304586311,2.387525675,1.874913265,0.205071829259396,"1",12,"Eroded"
"383",4,1106,760,0.398573176,2.160297764,1.102914607,0.431732654571533,"1",67,"Eroded"
"384",4,1008,660,0.300104396,2.819995825,1.808108771,0.638873368501663,"1",67,"Eroded"
"385",4,1048,722,0.299241083,2.673919641,0.969583301,0.818593442440033,"2",67,"Eroded"
"386",4,1042,708,0.300000012,3.203450514,0.885489101,0.696289539337158,"0",67,"Non-eroded"
"387",4,1088,768,0.300684973,2.471124043,0.791056689,0.634305715560913,"1",67,"Eroded"
"388",4,1112,792,0.349853881,2.864524841,1.2216579,0.549946501851082,"1",67,"Eroded"
"389",4,1112.5,793.5,0.30007459,3.377465399,1.695500112,0.712627828121185,"1",67,"Eroded"
"390",4,1076,766,0.299991781,3.661066532,1.085887379,0.63173919916153,"2",67,"Eroded"
"391",4,1076,766,0.300000012,2.439290778,0.840902514,0.500371038913727,"1",67,"Eroded"
"392",4,1032,698,0.300000012,2.297818831,1.19979855,0.678868964314461,"0",67,"Non-eroded"
"393",4,1076,766,0.300644957,1.517264825,0.583223637,0.564431190490723,"0",67,"Non-eroded"
"394",4,1042,732,0.300377173,2.97873232,1.204775443,0.857670605182648,"2",67,"Eroded"
"395",4,916,612,0.34677061,2.438562732,1.213071851,0.701729714870453,"2",67,"Eroded"
"396",4,998,694,0.307938309,3.620444702,1.360396945,0.57677286863327,"1",67,"Eroded"
"397",4,998,694,0.349999994,2.680908042,1.002799629,0.79874861240387,"1",67,"Eroded"
"398",4,998,694,0.300000012,2.715020528,1.336840756,0.515195205807686,"0",67,"Non-eroded"
"399",4,1114,802,0.400000006,2.272986569,0.753109415,0.455300338566303,"2",67,"Eroded"
"400",4,1114,798,0.35027292,2.652561136,0.694785986,0.566410839557648,"1",67,"Eroded"
"401",4,1086,780,0.35002157,2.509331736,0.570124524,0.573782578110695,"1",67,"Eroded"
"402",4,1116,802,0.300000012,3.596200745,0.977934649,0.669532865285873,"2",67,"Eroded"
"403",4,1076,740,0.400000006,2.511500814,1.05861797,0.80529648065567,"1",67,"Eroded"
"404",4,1060,736,0.293690259,2.890105169,1.136056648,0.772017419338226,"0",67,"Non-eroded"
"405",4,1076,740,0.384514643,1.99415023,1.103145933,0.848769992589951,"0",67,"Non-eroded"
"406",4,1087,756,0.400000006,1.875112606,0.60155968,0.637343287467957,"0",67,"Non-eroded"
"407",4,1060,736,0.300000012,2.180719641,1.12685898,0.768607884645462,"0",67,"Non-eroded"
"408",4,1046,716,0.300000012,2.718509555,1.492087865,0.416386663913727,"1",67,"Eroded"
"409",4,990,682,0.394723723,3.620356411,1.595386037,0.703638255596161,"0",67,"Non-eroded"
"410",4,1022,706,0.299793187,2.947437441,1.122299158,0.742450445890427,"0",67,"Non-eroded"
"411",4,960,660,0.242620007,2.448589676,1.348104692,0.853605806827545,"0",67,"Non-eroded"
"412",4,960,660,0.232991203,2.712765395,1.745380253,0.453655362129211,"0",67,"Non-eroded"
"413",4,1018,704,0.399393945,3.661325756,1.505331843,0.551737397909164,"1",67,"Eroded"
"414",4,1043,715,0.277838646,2.693787868,1.432113235,0.579996705055237,"1",67,"Eroded"
"415",4,1040,740,0.400000006,2.871324853,1.711746653,0.555965691804886,"1",67,"Eroded"
"416",4,1048,740,0.349986901,2.189653025,1.777492308,0.450163647532463,"1",67,"Eroded"
"417",1,284,194,0.400000006,4.718067001,1.806365816,0.837588101625443,"2",12,"Eroded"
"418",1,222,136,0.400000006,2.809659656,1.230252449,0.797545671463013,"1",12,"Eroded"
"419",1,188,105,0.399444641,2.674763849,2.09448386,0.425314038991928,"1",12,"Eroded"
"420",1,222,136,0.400000006,4.705313585,1.28390842,0.473664879798889,"1",12,"Eroded"
"421",1,284,194,0.399506403,2.860986792,1.249437131,0.740837037563324,"2",12,"Eroded"
"422",0,182,70,0.49517513,3.5508305,1.905130686,0.56255316734314,"1",12,"Eroded"
"423",1,196,193,0.429515568,2.452658823,0.800326219,0.195817068219185,"1",12,"Eroded"
"424",1,150,144.5,0.495740365,3.64195741,0.959344281,0.175923228263855,"0",12,"Non-eroded"
"425",1,196,193,0.400000006,3.136447367,0.904660192,0.175876349210739,"1",12,"Eroded"
"426",1,196,193,0.497996183,1.650101145,0.402773572,0.174163982272148,"1",12,"Eroded"
"427",1,153,147,0.494267878,1.657597047,0.81091613,0.481356456875801,"0",12,"Non-eroded"
"428",2,274,260,0.416146878,2.486275151,0.947394146,0.200171530246735,"1",12,"Eroded"
"429",1,147,142,0.394271575,2.220913724,1.038094446,0.1562744602561,"0",12,"Non-eroded"
"430",1,182,173,0.451145039,3.130775979,0.986979576,0.126858800649643,"2",12,"Eroded"
"431",1,158,149,0.5,2.206457758,0.603545762,0.267934672534466,"1",12,"Eroded"
"432",1,191,187,0.372665898,2.697947796,0.992074788,0.200263157486916,"1",12,"Eroded"
"433",1,158,149,0.465633077,2.251157621,0.536129633,0.20585872232914,"0",12,"Non-eroded"
"434",1,178,172,0.499694915,1.722700337,0.493973172,0.197228826582432,"0",12,"Non-eroded"
"435",1,191,187,0.418239923,2.580139135,0.849627698,0.17899888753891,"2",12,"Eroded"
"436",1,158,149,0.5,1.927675218,0.792571591,0.225771501660347,"0",12,"Non-eroded"
"437",0,148,91,0.396387687,2.874703116,1.385274895,0.437231346964836,"0",67,"Non-eroded"
"438",0,162,100,0.399981684,3.21616783,2.459137516,0.304768443107605,"3",12,"Eroded"
"439",0,148,91,0.450312653,2.257604138,0.773071175,0.214101806282997,"1",56,"Eroded"
"440",1,171,106,0.36510137,2.326717005,1.854914356,0.311582803726196,"1",12,"Eroded"
"441",0,125,69,0.400094703,3.058238638,1.889968953,0.800582408905029,"2",67,"Eroded"
"442",1,175,109,0.379884887,3.296746734,2.943750099,0.359446883201599,"3",12,"Eroded"
"443",0.5,168.5,104.5,0.382880191,2.162380183,1.410561321,0.373025864362717,"1",12,"Eroded"
"444",0,162,100,0.399726681,3.274779236,1.578562767,0.352328956127167,"1",12,"Eroded"
"445",0,162,100,0.399466317,3.944929955,1.619305582,0.276072829961777,"2",12,"Eroded"
"446",1,170,101,0.420488326,2.217085986,1.614524473,0.236617065966129,"2",12,"Eroded"
"447",1,170,101,0.400347228,3.847437991,2.098629054,0.369875907897949,"1",48.6666666666667,"Eroded"
"448",1,158,149,0.490010917,2.057303493,1.102005089,0.184250377118587,"0",12,"Non-eroded"
"449",0,95,86,0.449200947,2.838759339,1.276518488,0.586787760257721,"0",12,"Non-eroded"
"450",1,153,147,0.477997054,2.685207444,0.777961647,0.192098006606102,"1",12,"Eroded"
"451",1,127,117,0.498744658,2.133774984,0.717394388,0.287476807832718,"1",12,"Eroded"
"452",1,153,147,0.5,1.796764869,0.587617528,0.230114653706551,"0",12,"Non-eroded"
"453",0,107,98,0.49908369,2.443334758,0.553232476,0.419546008110046,"1",12,"Eroded"
"454",0,95,86,0.463535769,2.020166238,0.751388085,0.189467892050743,"0",12,"Non-eroded"
"455",1,127,117,0.469531249,2.506733871,0.888926044,0.106900807470083,"2",12,"Eroded"
"456",1,127,117,0.498281787,2.763280636,0.814595144,0.213222958147526,"2",12,"Eroded"
"457",0,107,98,0.465647225,2.266207681,0.478915575,0.105811521410942,"2",12,"Eroded"
"458",1,127,117,0.458281828,2.413634733,0.650601942,0.177655220031738,"1",12,"Eroded"
"459",0,107,98,0.464845023,1.949938009,0.578485157,0.109627440571785,"2",12,"Eroded"
"460",1,326,198,0.399975956,4.977712842,0.845175233,0.357287719845772,"1",12,"Eroded"
"461",0,274,144,0.425432778,2.976095465,1.155800313,0.797189354896545,"1",34,"Eroded"
"462",2,287,153,0.49918923,2.860021141,1.117583195,0.168293192982674,"3",19,"Eroded"
"463",1,292,174,0.47172472,3.577671972,0.870040398,0.190915361046791,"0",19,"Non-eroded"
"464",0,218,61,0.317607015,1.860650776,0.601957476,0.696350157260895,"1",12,"Eroded"
"465",0,271,86,0.403576165,3.597127816,0.810535146,0.813732862472534,"1",12,"Eroded"
"466",0,205,70,0.465141674,2.561179364,0.929642255,0.590346395969391,"1",12,"Eroded"
"467",0,218,61,0.506974085,2.475194957,0.683162959,0.356378212571144,"1",12,"Eroded"
"468",0,240,100,0.412566024,2.683701987,1.315986104,0.547694146633148,"3",12,"Eroded"
"469",1,307,129,0.540568014,3.361679523,1.223521284,0.690379112958908,"1",12,"Eroded"
"470",0,248,87,0.536573397,2.671590877,0.487754387,0.641980826854706,"0",12,"Non-eroded"
"471",0,292,95,0.550000012,2.101288217,0.441878185,0.82580691576004,"1",12,"Eroded"
"472",1,344,153,0.396834376,2.858865454,1.369081301,0.662853747606277,"1",12,"Eroded"
"473",0.5,263,98,0.459257574,2.437978585,1.184288469,0.544043064117432,"2",12,"Eroded"
"474",1,307,129,0.549989285,2.952290282,0.63143902,0.854464650154114,"2",12,"Eroded"
"475",0,292,95,0.405767706,3.565741456,1.539404847,0.804349422454834,"3",12,"Eroded"
"476",0,292,95,0.337853659,1.77700683,0.976111946,0.807382583618164,"1",12,"Eroded"
"477",1,294,102,0.462326397,2.36359143,0.864931728,0.731099307537079,"2",12,"Eroded"
"478",0,248,87,0.545539708,2.352020515,0.592466977,0.652265101671219,"1",12,"Eroded"
"479",0,292,95,0.550000012,2.498141776,0.548449455,0.811820507049561,"1",12,"Eroded"
"480",0,232,94,0.550000012,3.102924731,1.020475136,0.616104483604431,"2",12,"Eroded"
"481",1,294,102,0.407049353,2.442018586,1.256704232,0.675548076629639,"3",12,"Eroded"
"482",1,307,123,0.400991332,2.964163567,1.009435011,0.696187734603882,"2",12,"Eroded"
"483",0,292,95,0.550000012,2.013915802,0.565509876,0.877513110637665,"1",12,"Eroded"
"484",1,307,123,0.3965429,1.796705502,0.628473248,0.748563170433044,"1",12,"Eroded"
"485",0,292,95,0.391109147,2.311756934,0.709225211,0.749755144119263,"1",12,"Eroded"
"486",0,232,94,0.39153489,2.471054486,1.60616266,0.491405963897705,"2",12,"Eroded"
"487",1,274,134,0.42099744,1.971924951,0.678450049,0.257575690746307,"1",12,"Eroded"
"488",0,292,95,0.549971848,3.701801353,0.73528901,0.657497942447662,"2",12,"Eroded"
"489",0,218,69,0.46768084,1.277613922,0.41642324,0.764171928167343,"1",12,"Eroded"
"490",1,344,153,0.407174727,2.047177176,1.569320078,0.607983767986298,"2",12,"Eroded"
"491",0,292,95,0.498803405,3.199561246,1.042110901,0.728364318609238,"3",12,"Eroded"
"492",0,292,95,0.401877656,3.869359882,1.016407614,0.787584662437439,"2",12,"Eroded"
"493",1,294,102,0.491628911,2.469562564,0.869520754,0.74342954158783,"1",12,"Eroded"
"494",1,344,153,0.466102363,3.455500788,1.280382738,0.605419516563416,"3",12,"Eroded"
"495",1,309,278,0.376458756,1.723532528,0.91699276,0.508222438395024,"3",67,"Eroded"
"496",1,166,135,0.533327525,2.849409569,0.775784279,0.468640029430389,"3",67,"Eroded"
"497",1,290,257,0.519742826,1.828030259,0.536904321,0.622769892215729,"3",67,"Eroded"
"498",1,301,268,0.491838292,2.974768119,0.989237813,0.757406741380692,"3",67,"Eroded"
"499",1,427,136,0.483164604,2.408340759,1.010256076,0.386983752250671,"1",20,"Eroded"
"500",1,481,188,0.387471562,2.441800706,1.43680653,0.421187475323677,"2",20,"Eroded"
"501",1,701,565,0.350691253,2.891235026,0.743052557,0.197721876204014,"0",19,"Non-eroded"
"502",1,684,551,0.200042885,2.224753002,0.782929299,0.259925931692123,"1",19,"Eroded"
"503",2,665,515,0.335287091,2.196698565,1.056668082,0.188335373997688,"2",19,"Eroded"
"504",1,575,442,0.349999994,2.53474212,1.019590514,0.371169298887253,"0",20,"Non-eroded"
"505",1,704,567,0.349999994,2.688465431,1.270025554,0.72870284318924,"2",19,"Eroded"
"506",1,549,436,0.30872554,2.414997357,0.739103328,0.200585640966892,"2",19,"Eroded"
"507",1,549,436,0.344051445,2.378592928,0.849572656,0.17902198433876,"2",19,"Eroded"
"508",1,290,183,0.194593206,2.147251285,0.793803322,0.707443416118622,"0",20,"Non-eroded"
"509",1,289,188,0.497309721,2.644518811,0.795215754,0.303935572504997,"1",20,"Eroded"
"510",1,185.5,131,0.400000006,2.264242001,1.948689658,0.31548535823822,"0",10,"Non-eroded"
"511",1,202,139,0.399753852,2.458326768,0.997226273,0.2743910998106,"0",10,"Non-eroded"
"512",1,204.5,134.5,0.340485318,2.119799487,1.147240631,0.309648305177689,"0",10,"Non-eroded"
"513",0,177,92,0.400000006,3.509159282,0.922009536,0.414344012737274,"1",10,"Eroded"
"514",1,217,146,0.357721877,2.749732483,1.831979072,0.455430418252945,"0",10,"Non-eroded"
"515",1,217,146,0.450981935,2.240887663,0.829020301,0.28828364610672,"0",10,"Non-eroded"
"516",1,207,130,0.269747908,3.358189672,1.956412164,0.29003056883812,"0",10,"Non-eroded"
"517",0,177,92,0.425526178,2.377070697,0.925127536,0.696906685829163,"1",10,"Eroded"
"518",1,182,172,0.420643944,2.630775651,1.150174062,0.853783190250397,"0",10,"Non-eroded"
"519",1,150,143,0.444016231,2.232263017,0.842710524,0.311611488461494,"1",10,"Eroded"
"520",1,253,204,0.42529601,2.87765077,1.617665815,0.494060501456261,"3",10,"Eroded"
"521",1,281,175,0.474789917,1.75456945,0.606013006,0.695367336273193,"2",12,"Eroded"
"522",1,360,256,0.466337924,2.513087828,1.025510453,0.818597078323364,"2",12,"Eroded"
"523",1,353,245,0.498966942,2.267613633,0.991578829,0.679978907108307,"1",12,"Eroded"
"524",1,353,245,0.407663477,2.216617961,1.295265486,0.735234320163727,"2",12,"Eroded"
"525",1,353,245,0.352734932,2.836614304,1.364230646,0.764430105686188,"1",12,"Eroded"
"526",1,277,166,0.519266313,3.496284668,1.033042221,0.752252995967865,"2",12,"Eroded"
"527",1,320,223,0.419931212,2.233789282,1.164634705,0.342000752687454,"1",23,"Eroded"
"528",1,320,223,0.483041082,2.400433366,1.253027639,0.712131440639496,"2",67,"Eroded"
"529",1,245,142,0.549452567,3.502524637,0.573266795,0.297925174236298,"2",10,"Eroded"
"530",1,471,376,0.443753606,2.672375073,1.203646397,0.652541518211365,"1",30.3333333333333,"Eroded"
"531",1,266,172,0.430111528,3.309622943,0.852163982,0.551201015710831,"1",10,"Eroded"
"532",1,266,172,0.421798566,2.972657556,1.020180306,0.406515419483185,"3",10,"Eroded"
"533",1,360,256,0.425568672,2.994004292,0.977092528,0.695979446172714,"2",12,"Eroded"
"534",1,321,223,0.480012612,2.822018285,1.041443831,0.6402747631073,"1",12,"Eroded"
"535",1,429,335,0.480390336,3.031852238,1.052472776,0.640180617570877,"2",67,"Eroded"
"536",1,347,259,0.373275251,2.230183227,1.133370245,0.630575239658356,"2",48.6666666666667,"Eroded"
"537",0,106,92,0.479547992,3.039156253,1.255273567,0.232575416564941,"1",10,"Eroded"
"538",0,106,92,0.497571342,2.371493627,1.29410899,0.310866162180901,"1",10,"Eroded"
"539",0.5,120.5,89,0.477389465,2.990883506,0.866156312,0.263496443629265,"0",10,"Non-eroded"
"540",1,127,102,0.473593467,2.314974571,1.084187076,0.321867287158966,"1",10,"Eroded"
"541",0,125,90,0.499828061,2.346529573,0.609792735,0.232484430074692,"0",10,"Non-eroded"
"542",0,134.5,69,0.469069574,2.753725901,0.739365693,0.241038531064987,"0",10,"Non-eroded"
"543",0,140,70,0.337707005,2.487589808,1.294299125,0.219264261424541,"1",10,"Eroded"
"544",0,104,56,0.304451695,2.587457114,1.461190216,0.299484550952911,"1",10,"Eroded"
"545",1,180,112,0.432416791,4.321997069,1.143328023,0.22120712697506,"1",10,"Eroded"
"546",0,73,62,0.47429035,2.354157852,0.867810738,0.262797325849533,"0",10,"Non-eroded"
"547",0.5,120,109,0.319354843,2.432029025,1.281795895,0.20209464430809,"1",10,"Eroded"
"548",0,73,62,0.37025317,2.748056436,0.961048764,0.241785034537315,"1",10,"Eroded"
"549",1,248,181,0.373211755,2.401426338,1.006622294,0.238264940679073,"1",10,"Eroded"
"550",1,230,134,0.415981888,2.433096086,1.105451592,0.236463472247124,"1",10,"Eroded"
"551",1,248,181,0.300548119,2.053937307,0.971025298,0.258262157440186,"1",10,"Eroded"
"552",1,203,155,0.373702428,2.662451609,1.800439338,0.283273935317993,"1",10,"Eroded"
"553",1,241,185,0.300558151,1.943012092,1.346299851,0.176123037934303,"1",10,"Eroded"
"554",1,188,141,0.430715064,2.762801729,0.842345358,0.277555614709854,"0",10,"Non-eroded"
"555",1,242,197,0.395721118,2.288153461,0.676127335,0.858685404062271,"1",10,"Eroded"
"556",1,203,156,0.399899813,2.212129575,1.326385008,0.254781037569046,"2",10,"Eroded"
"557",1,203,156,0.499716599,1.93117206,0.944424764,0.274314999580383,"2",10,"Eroded"
"558",1,242,197,0.405681388,3.09869098,0.755465429,0.229195177555084,"1",10,"Eroded"
"559",1,188,141,0.411368116,3.030163385,1.153602694,0.617175072431564,"0",10,"Non-eroded"
"560",1,242,197,0.36337337,3.537772495,0.99277104,0.37009260058403,"3",10,"Eroded"
"561",1,241,181,0.37660004,2.885492288,1.269701492,0.38459450006485,"0",10,"Non-eroded"
"562",1,203,155,0.270010796,2.345589042,1.131413553,0.293190032243729,"1",10,"Eroded"
"563",1,221,174,0.460893515,2.449367276,1.055661744,0.205337718129158,"2",10,"Eroded"
"564",1,248,181,0.432464716,2.248054467,1.564572929,0.251716606318951,"1",10,"Eroded"
"565",1,239,192,0.499783667,1.685288263,0.604262332,0.22362295538187,"1",10,"Eroded"
"566",1,242,197,0.363179732,2.533551613,0.800025459,0.214589402079582,"2",10,"Eroded"
"567",1,225,175,0.473248039,2.243239009,0.823926526,0.25449700653553,"1",10,"Eroded"
"568",1,188,141,0.400000006,2.958879681,0.77028289,0.278101205825806,"1",10,"Eroded"
"569",0,125,73,0.375845933,2.472492274,1.237517487,0.355645790696144,"0",10,"Non-eroded"
"570",0,107.5,54,0.408786854,2.122989156,0.93623366,0.2397720515728,"1",10,"Eroded"
"571",0,129,70,0.400143623,2.316108512,0.496781517,0.193391218781471,"0",10,"Non-eroded"
"572",1,180,112,0.376481482,3.389483333,0.92429594,0.225885085761547,"1",10,"Eroded"
"573",0.5,152.5,92.5,0.379421887,2.704932362,1.066974012,0.239164113998413,"1",10,"Eroded"
"574",0,125,73,0.360072419,3.101188938,0.987022093,0.258310869336128,"0",10,"Non-eroded"
"575",0,198,96,0.392559946,1.647970762,0.950543813,0.317055195569992,"0",10,"Non-eroded"
"576",1,230,127.5,0.335100554,2.469508588,1.395250551,0.847660481929779,"0",10,"Non-eroded"
"577",1,230,134,0.342148917,2.901663105,1.252708317,0.269592136144638,"0",10,"Non-eroded"
"578",1,230,134,0.37245401,2.281513144,0.815536331,0.339910760521889,"0",10,"Non-eroded"
"579",0,198,96,0.318884673,2.757678705,1.620531007,0.208289280533791,"3",10,"Eroded"
"580",1,178,103,0.391790094,2.317610004,1.072670512,0.350726038217545,"1",10,"Eroded"
"581",1,178,103,0.400035291,2.868614276,1.058064169,0.476609796285629,"2",10,"Eroded"
"582",0,86,58,0.400946378,1.973743689,0.813188659,0.431440860033035,"1",10,"Eroded"
"583",0,198,96,0.332120296,2.502134465,1.178896491,0.394843816757202,"1",10,"Eroded"
"584",1,230,134,0.362222228,2.279245044,1.416600846,0.228495702147484,"2",10,"Eroded"
"585",1,230,134,0.401095595,3.088832646,1.033220897,0.247363366186619,"2",10,"Eroded"
"586",1,230,134,0.296278953,2.574298109,1.412529933,0.30866926908493,"1",10,"Eroded"
"587",1,207,102,0.257096858,2.297670948,1.597688402,0.331720590591431,"1",10,"Eroded"
"588",0,86,58,0.427422807,2.637008413,1.400568562,0.260918408632278,"1",10,"Eroded"
"589",1,207,102,0.315295232,2.637630466,1.276323152,0.21639284491539,"1",10,"Eroded"
"590",1,207,102,0.401164935,2.30760515,1.284812757,0.298209071159363,"1",10,"Eroded"
"591",1,207,102,0.318388357,1.829856285,1.113865573,0.298175156116486,"1",10,"Eroded"
"592",1,230,134,0.357323311,3.355236527,1.300688067,0.245790749788284,"3",10,"Eroded"
"593",0,198,96,0.400000006,2.36134267,1.065909215,0.439555779099464,"2",10,"Eroded"
"594",1,178,103,0.341026805,2.20950256,1.324218658,0.751966834068298,"2",10,"Eroded"
"595",0,126,77,0.430527709,2.255883906,1.073164415,0.222310788929462,"0",10,"Non-eroded"
"596",1,205,120.5,0.377140837,2.689333333,1.326842978,0.238405987620354,"3",10,"Eroded"
"597",1,207,102,0.398087169,2.333652747,1.039208504,0.246925838291645,"2",10,"Eroded"
"598",1,203,139,0.400000006,2.260440936,1.2181704,0.882678836584091,"0",10,"Non-eroded"
"599",1,230,134,0.394943826,2.058132226,1.310635983,0.263058483600616,"0",10,"Non-eroded"
"600",1,126,116,0.394165141,2.705190667,1.65278576,0.261041566729546,"1",10,"Eroded"
"601",1,165,155,0.499807507,2.07554379,0.542924949,0.348017767071724,"0",10,"Non-eroded"
"602",1,165,155,0.291301853,2.425512675,1.227826625,0.290881723165512,"1",10,"Eroded"
"603",1,165,155,0.444749293,2.525639072,1.171562276,0.278402209281921,"1",10,"Eroded"
"604",1,206,191,0.4662535,2.323915632,0.926893801,0.290020942687988,"2",10,"Eroded"
"605",1,175,166,0.408662373,2.496496373,1.137890613,0.288644343614578,"2",10,"Eroded"
"606",1,206,191,0.473608398,2.63645459,0.92942853,0.220253333449364,"1",10,"Eroded"
"607",1,193,164,0.37787845,2.50416755,1.12234381,0.231178164482117,"2",10,"Eroded"
"608",1,181,159,0.423323168,2.703520678,1.189379775,0.508282080292702,"3",10,"Eroded"
"609",1,225,204,0.448563418,2.501122635,1.099994133,0.219580382108688,"1",10,"Eroded"
"610",1,181,159,0.464537846,2.80398508,0.87576445,0.238504230976105,"2",10,"Eroded"
"611",0,86,71,0.402944322,2.655266032,1.324306839,0.857131600379944,"1",10,"Eroded"
"612",0,86,71,0.403800973,2.919558744,1.050348011,0.220506027340889,"0",10,"Non-eroded"
"613",0,86,71,0.44774775,1.593324324,0.783280665,0.216491132974625,"0",10,"Non-eroded"
"614",0,86,71,0.499884726,2.455682557,1.144906598,0.748968750238419,"0",10,"Non-eroded"
"615",0,90,62,0.485496184,2.103270988,0.453827674,0.205177471041679,"0",10,"Non-eroded"
"616",1,133,101,0.473229897,2.280942743,0.792356601,0.447318643331528,"1",10,"Eroded"
"617",1,152,121,0.487789386,2.975843708,1.18951835,0.200601205229759,"1",10,"Eroded"
"618",0,125,89,0.422616409,2.807966109,1.241826116,0.284722208976746,"0",10,"Non-eroded"
"619",0,122,89,0.43651648,2.485572966,0.93915966,0.482042223215103,"0",10,"Non-eroded"
"620",0,86,59,0.486471146,2.489569536,0.750993657,0.270939499139786,"0",10,"Non-eroded"
"621",1,133,101,0.459390447,2.118672157,1.007311145,0.530415564775467,"2",10,"Eroded"
"622",1,207,162,0.440676537,2.216819873,1.115679288,0.476350516080856,"3",10,"Eroded"
"623",0,86,65,0.420742533,2.513405258,1.008373186,0.193148992955685,"1",10,"Eroded"
"624",1,180,112,0.444177026,1.73619578,0.843141774,0.232360616326332,"1",10,"Eroded"
"625",0,134,95,0.419658621,1.837606792,1.306453443,0.299912229180336,"1",10,"Eroded"
"626",0,134,95,0.428947369,2.235010468,1.152691892,0.224692761898041,"2",10,"Eroded"
"627",1,133,101,0.366847554,2.128002273,0.94509416,0.212492533028126,"3",10,"Eroded"
"628",1,133,101,0.491400359,2.884363311,1.56154344,0.550329729914665,"3",10,"Eroded"
"629",1,200,149,0.488895613,2.236944327,0.911948199,0.19078466296196,"3",10,"Eroded"
"630",1,200,149,0.451497433,2.29452611,1.285605292,0.207229495048523,"3",10,"Eroded"
"631",1,177,131,0.497745572,1.775561995,0.690091534,0.206955954432487,"2",10,"Eroded"
"632",1,152,121,0.372489751,2.853543718,1.232198067,0.446278467774391,"0",10,"Non-eroded"
"633",1,152,121,0.499878346,2.847848541,1.120026165,0.425457686185837,"0",10,"Non-eroded"
"634",1,152,121,0.475571937,2.157719878,1.038093371,0.368241801857948,"0",10,"Non-eroded"
"635",1,177,131,0.422759355,1.800939662,0.514635164,0.212175115942955,"1",10,"Eroded"
"636",1,133,101,0.473400754,3.176734492,1.580308744,0.381962656974792,"1",10,"Eroded"
"637",1,133,101,0.499804878,2.451772682,0.73975114,0.228584930300713,"2",10,"Eroded"
"638",1,177,131,0.404115859,2.769568597,1.300161875,0.224970117211342,"3",10,"Eroded"
"639",1,177,131,0.449182518,2.431619287,1.121725326,0.261703252792358,"3",10,"Eroded"
"640",1,207,162,0.5,2.321840984,0.779172936,0.590877830982208,"2",10,"Eroded"
"641",1,133,101,0.420738425,2.617592839,1.380170678,0.858279526233673,"0",10,"Non-eroded"
"642",1,241,190,0.499394075,2.278819568,0.692275406,0.208364114165306,"2",10,"Eroded"
"643",1,133,101,0.410518737,2.568115218,1.097968988,0.512515872716904,"1",10,"Eroded"
"644",1,200,149,0.445025961,2.386007179,1.149177858,0.214426010847092,"3",10,"Eroded"
"645",1,200,149,0.479577466,1.93160974,1.201904345,0.2238859385252,"2",10,"Eroded"
"646",1,180,112,0.400000006,1.2697194,0.386107117,0.284373670816422,"1",10,"Eroded"
"647",0,93,62,0.5,2.947314861,0.641219568,0.210273630917072,"0",10,"Non-eroded"
"648",1,139,116,0.5,2.22125876,0.700671803,0.25949889421463,"1",10,"Eroded"
"649",1,161,138,0.490075188,2.626467664,0.74119508,0.228866934776306,"1",10,"Eroded"
"650",0,78,57,0.464831545,2.958008247,1.065932107,0.263429373502731,"0",10,"Non-eroded"
"651",0,50.5,32,0.46402721,2.313771451,1.176230825,0.743472635746002,"0",10,"Non-eroded"
"652",0,59,37,0.499129962,2.182338227,0.67012345,0.492495387792587,"0",10,"Non-eroded"
"653",0,48,30,0.300083299,2.22103097,1.012021878,0.353963702917099,"0",10,"Non-eroded"
"654",0,42,27,0.499393939,2.123535757,0.538302218,0.273469537496567,"0",10,"Non-eroded"
"655",0,36,22,0.400000006,2.636059352,1.024710327,0.269779473543167,"1",10,"Eroded"
"656",1,259,222,0.423952882,2.657216531,0.875176047,0.239953130483627,"2",10,"Eroded"
"657",1,259,222,0.428037101,2.335343506,0.814039623,0.494285643100739,"2",10,"Eroded"
"658",1,259,222,0.329767512,2.626070539,1.171538731,0.732139885425568,"2",10,"Eroded"
"659",1,245,216,0.5,1.909794635,0.603257675,0.257360100746155,"2",10,"Eroded"
"660",1,236,186,0.428399652,2.829865325,0.951248044,0.793314516544342,"1",10,"Eroded"
"661",1,193,164,0.494124424,2.855538019,1.374933426,0.223361656069756,"1",10,"Eroded"
"662",1,259,222,0.5,1.313139117,0.349567758,0.213246367871761,"1",10,"Eroded"
"663",1,226,193,0.495377843,2.173721204,0.882744226,0.253138691186905,"2",10,"Eroded"
"664",1,259,222,0.492218247,2.443156977,1.27697175,0.199229001998901,"3",10,"Eroded"
"665",1,137,102,0.45816425,2.111240695,0.950347628,0.20864525437355,"1",10,"Eroded"
"666",1,188,159,0.488228942,2.439443575,0.632575327,0.176763221621513,"2",10,"Eroded"
"667",1,178,151,0.486656485,2.757116632,0.69923851,0.177994295954704,"1",10,"Eroded"
"668",1,188,159,0.391599427,2.803584946,0.953616465,0.67980968952179,"2",10,"Eroded"
"669",1,193,164,0.426997481,2.208719512,0.655045731,0.331742376089096,"1",10,"Eroded"
"670",0,110,87,0.428927338,2.286197232,1.319882695,0.229788392782211,"0",10,"Non-eroded"
"671",1,127,103,0.498133958,2.053144711,0.943721479,0.293310970067978,"1",10,"Eroded"
"672",0,81,63,0.5,2.176680416,0.937216476,0.336017191410065,"0",10,"Non-eroded"
"673",0,105.5,85.5,0.46573876,1.817042826,0.949131148,0.398915529251099,"0",10,"Non-eroded"
"674",1,151,140,0.39015385,2.614369236,1.679190621,0.424717411398888,"1",10,"Eroded"
"675",1,151,140,0.430439879,2.929430112,1.448305173,0.955358505249023,"1",10,"Eroded"
"676",1,181,152,0.499696557,3.032664965,1.028843968,0.446312129497528,"2",10,"Eroded"
"677",1,157,124,0.499885194,2.13419601,0.684717045,0.327376380562782,"0",10,"Non-eroded"
"678",1,157,124,0.39972203,2.00477762,1.243964008,0.381379693746567,"1",10,"Eroded"
"679",1,133,108,0.451251161,2.651998607,1.029039519,0.323868006467819,"3",10,"Eroded"
"680",1,181,152,0.5,2.076212949,0.74187252,0.308099761605263,"1",10,"Eroded"
"681",0,146,100,0.499973999,2.06951794,0.827940415,0.30503922700882,"0",10,"Non-eroded"
"682",1,157,124,0.499336283,1.173534513,0.272368204,0.307291552424431,"0",10,"Non-eroded"
"683",1,133,108,0.467833111,2.50434724,1.189078424,0.2576714605093,"3",10,"Eroded"
"684",1,181,152,0.464297145,2.649312458,0.841318742,0.3141870200634,"2",10,"Eroded"
"685",1,157,124,0.499852797,0.940055935,0.27399849,0.29632493853569,"0",10,"Non-eroded"
"686",1,133,108,0.499479844,2.216674905,1.282960535,0.273566633462906,"2",10,"Eroded"
"687",1,180,163,0.4849704,2.359747303,1.050219728,0.272597849369049,"2",10,"Eroded"
"688",1,181,152,0.463234113,3.22554063,0.907859426,0.439721629023552,"0",10,"Non-eroded"
"689",1,133,108,0.5,2.326952629,1.002122515,0.361716836690903,"2",10,"Eroded"
"690",1,157,124,0.5,2.616761647,0.692276184,0.277737706899643,"1",10,"Eroded"
"691",1,165.5,151.5,0.315103825,2.819513499,1.55503223,0.376902341842651,"1",10,"Eroded"
"692",1,151,140,0.461429257,1.068136187,0.326018833,0.33831162750721,"0",10,"Non-eroded"
"693",1,138,116,0.494715652,2.239628658,0.753601077,0.322522640228271,"1",10,"Eroded"
"694",1,145.5,120.5,0.5,2.613627719,0.658559547,0.227435633540154,"2",10,"Eroded"
"695",1,178,147,0.250512939,0.650269867,0.218221569,0.386730924248695,"0",10,"Non-eroded"
"696",1,158,126,0.499904701,1.438442184,0.299005029,0.824501156806946,"0",10,"Non-eroded"
"697",1,140,124,0.431534888,1.762012093,0.438951653,0.314681828022003,"0",10,"Non-eroded"
"698",1,146,117,0.500116099,2.329431113,0.488980434,0.363499402999878,"0",10,"Non-eroded"
"699",1,128,114,0.459150946,2.433463838,1.053105473,0.262468427419662,"1",10,"Eroded"
"700",0,98,81,0.366576645,2.855739364,0.631089027,0.228518843650818,"1",10,"Eroded"
"701",1,133,108,0.5,2.720973867,0.967378685,0.832610338926315,"0",10,"Non-eroded"
"702",1,157,124,0.499175658,2.342506939,0.608272856,0.212489582598209,"1",10,"Eroded"
"703",1,157,124,0.499669422,1.422464462,0.396466487,0.283701598644257,"1",10,"Eroded"
"704",1,146,117,0.500042517,1.118700678,0.271483372,0.25418809056282,"0",10,"Non-eroded"
"705",1,152,121.5,0.5,1.40126367,0.273471581,0.263811647891998,"0",10,"Non-eroded"
"706",1,158,126,0.5,1.786100915,0.476554598,0.284692615270615,"0",10,"Non-eroded"
"707",1,146,122,0.5,2.787358219,0.708382192,0.330629527568817,"0",10,"Non-eroded"
"708",1,157,124,0.5,1.982547662,0.429218315,0.264928698539734,"1",10,"Eroded"
"709",1,138,116,0.5,2.645150469,0.721700632,0.473194181919098,"0",10,"Non-eroded"
"710",1,267,225,0.498775425,2.66646783,0.977852418,0.199229136109352,"3",10,"Eroded"
"711",1,197,167,0.394490174,2.292513397,1.066285708,0.496039941906929,"1",10,"Eroded"
"712",1,239,192,0.499354318,2.009519775,0.607566154,0.218005985021591,"1",10,"Eroded"
"713",1,284,229,0.438387546,2.210759269,0.955930521,0.291100084781647,"1",10,"Eroded"
"714",1,241,190,0.400000006,2.423047671,0.827855066,0.56039747595787,"1",10,"Eroded"
"715",1,241,190,0.467088901,2.661825427,1.085514737,0.763261824846268,"2",10,"Eroded"
"716",1,302,233,0.491139241,2.407767631,1.146025946,0.173390470445156,"1",10,"Eroded"
"717",1,212,163,0.456435646,2.911113861,1.141204554,0.383413791656494,"1",10,"Eroded"
"718",1,239,192,0.461308679,2.808019915,0.830081168,0.200394779443741,"1",10,"Eroded"
"719",1,212,163,0.497804266,2.16659473,0.906527013,0.204791724681854,"2",10,"Eroded"
"720",1,261,215,0.488390805,2.033965513,0.832521952,0.229115322232246,"2",10,"Eroded"
"721",1,212,163,0.492171866,2.028740436,0.605797654,0.241956204175949,"1",10,"Eroded"
"722",1,212,163,0.455258902,2.519178534,1.190313025,0.265027940273285,"2",10,"Eroded"
"723",1,302,233,0.490041279,2.960082562,1.04719053,0.204571016132832,"2",10,"Eroded"
"724",1,257,198,0.499395405,2.182251514,0.901614404,0.215345144271851,"2",10,"Eroded"
"725",1,241,190,0.412050304,2.547427892,1.050428024,0.259178251028061,"3",10,"Eroded"
"726",2,482,380,0.412605439,2.247745063,1.521942807,0.335987210273743,"3",10,"Eroded"
"727",2,522,430,0.400729933,3.067160582,0.719339608,0.284075200557709,"2",10,"Eroded"
"728",1,207,162,0.5,2.689192862,0.774731521,0.85873681306839,"3",10,"Eroded"
"729",1,236,186,0.5,1.881262252,0.450635692,0.199451938271523,"1",10,"Eroded"
"730",1,261,215,0.466117349,2.137470119,0.923552583,0.219835542142391,"3",10,"Eroded"
"731",1,363,223,0.5,1.595751459,0.413342371,0.529986560344696,"3",48.6666666666667,"Eroded"
"732",1,561,417,0.290677959,2.44760808,1.359631896,0.793049871921539,"1",30.3333333333333,"Eroded"
"733",1,498,365,0.400745348,3.469677019,1.480053354,0.782043546438217,"3",30.3333333333333,"Eroded"
"734",1,561,417,0.400000006,1.759119517,0.533175799,0.75274583697319,"2",12,"Eroded"
"735",1,405,261,0.400958151,2.947142949,0.964667678,0.507512807846069,"3",48.6666666666667,"Eroded"
"736",1,363,223,0.5,2.280646935,0.495612029,0.678009390830994,"0",30.3333333333333,"Non-eroded"
"737",1,498,365,0.498278967,2.727647977,1.357792239,0.776330798864365,"2",48.6666666666667,"Eroded"
"738",1,561,417,0.399732183,2.861340074,0.878437654,0.725422620773315,"1",48.6666666666667,"Eroded"
"739",1,478,351,0.451460567,2.408547712,1.155923711,0.700273513793945,"3",30.3333333333333,"Eroded"
"740",1,512,404,0.440389109,3.154580678,1.24451445,0.682254731655121,"2",67,"Eroded"
"741",1,478,351,0.5,2.100654349,1.183971285,0.470974892377853,"3",30.3333333333333,"Eroded"
"742",1,495,373,0.400612251,2.777076529,1.163874045,0.638799846172333,"3",12,"Eroded"
"743",1,512,404,0.485799524,2.558659901,1.037716993,0.712924540042877,"1",67,"Eroded"
"744",1,459,347,0.397101455,2.398635333,1.347861902,0.708500027656555,"3",48.6666666666667,"Eroded"
"745",1,495,373,0.300518147,1.545093632,0.61305026,0.640956103801727,"2",48.6666666666667,"Eroded"
"746",0,492,178,0.326154215,2.417795812,0.741855032,0.733551740646362,"0",12,"Non-eroded"
"747",1,300,126,0.437886337,2.183812031,1.00736667,0.57533073425293,"2",48.6666666666667,"Eroded"
"748",1,454,321,0.400140427,2.592741605,1.669964002,0.77598911523819,"3",12,"Eroded"
"749",1,454,321,0.479433552,2.474383005,1.104248874,0.791083455085754,"3",45,"Eroded"
"750",1,411,275,0.434362612,2.47363785,1.509993362,0.754145443439484,"1",67,"Eroded"
"751",1,411,275,0.486322989,2.619769072,0.734691127,0.785341382026672,"2",48.6666666666667,"Eroded"
"752",1,411,275,0.471617498,1.810703967,0.804639282,0.804085195064545,"2",56,"Eroded"
"753",1,454,321,0.422762389,2.274311134,1.286967564,0.563894212245941,"2",67,"Eroded"
"754",1,454,321,0.497438558,2.562446204,0.735675569,0.76723575592041,"3",30.3333333333333,"Eroded"
"755",1,496,360,0.470003044,2.73995619,1.198453742,0.84063333272934,"3",12,"Eroded"
"756",1,427,278,0.481528633,2.481737337,1.539844726,0.546091973781586,"1",30.3333333333333,"Eroded"
"757",1,496,360,0.498988196,1.38725295,0.763853825,0.810079276561737,"1",12,"Eroded"
"758",1,451,318,0.5,1.893337476,0.611582053,0.546772688627243,"2",12,"Eroded"
"759",1,500,370,0.460948323,2.697029106,1.264723037,0.687127292156219,"3",12,"Eroded"
"760",1,500,370,0.324093666,2.406557399,1.343335452,0.710023105144501,"2",12,"Eroded"
"761",2,698,446,0.499222663,2.755525303,1.296938002,0.5612633228302,"0",12,"Non-eroded"
"762",1,410,276,0.418247521,2.52462203,1.172561181,0.559722095727921,"3",67,"Eroded"
"763",1,325,305,0.486090777,0.46095461,0.254156103,0.217761039733887,"0",12,"Non-eroded"
"764",1,325,305,0.499299539,0.582473499,0.207400864,0.230735175311565,"1",12,"Eroded"
"765",1,394,376,0.400258414,0.370676782,0.180778732,0.183892637491226,"0",12,"Non-eroded"
"766",1,394,376,0.400498448,0.516323361,0.152110206,0.236711755394936,"0",12,"Non-eroded"
"767",1,173,152,0.5,1.333539648,0.311089013,0.676609456539154,"0",12,"Non-eroded"
"768",1,173,152,0.49627752,1.762413382,0.710924677,0.700242429971695,"1",12,"Eroded"
"769",1,173,152,0.5,0.57356856,0.175868579,0.259328782558441,"1",12,"Eroded"
"770",1,173,152,0.484065935,3.250860989,1.115338867,0.236671507358551,"3",12,"Eroded"
"771",1,318,193,0.472575666,2.235110511,1.135847587,-0.004100875928998,"2",12,"Eroded"
"772",1,264,145,0.412830455,2.567641153,1.057324598,0.058942545205355,"1",12,"Eroded"
"773",1,349,231,0.390012488,1.216525591,0.311829201,0.009375302121043,"0",12,"Non-eroded"
"774",1,352,242,0.5,1.504704884,0.553214386,-0.050591368228197,"2",12,"Eroded"
"775",1,349,231,0.467905826,2.088818463,0.856298705,-0.079637847840786,"2",12,"Eroded"
"776",1,378,258,0.361312225,0.435279411,0.166244661,0.229858197271824,"0",12,"Non-eroded"
"777",0,199,93,0.5,1.421567757,0.370167834,-0.022544999024831,"0",12,"Non-eroded"
"778",1,204,107,0.494243736,1.880240319,1.380192791,0.048518344759941,"1",12,"Eroded"
"779",1,203,105,0.488811835,1.617123666,0.921319561,-0.07493557408452,"1",12,"Eroded"
"780",0,214,99,0.468098722,1.631248828,0.609904214,0.083536475896835,"1",12,"Eroded"
"781",0,200.5,92,0.5,1.863311339,1.083092614,0.048702202737331,"2",12,"Eroded"
"782",0,202,91,0.441780825,2.113562827,1.375900762,-0.024130078032613,"0",12,"Non-eroded"
"783",0,202,93,0.5,2.312630228,0.915205276,-0.111010901629925,"2",12,"Eroded"
"784",0,215,98,0.5,1.624867389,0.52643534,-0.03852285631001,"0",12,"Non-eroded"
"785",0,215,98,0.496675464,1.890514173,0.690710727,-0.018654944375157,"0",12,"Non-eroded"
"786",0,202,91,0.5,1.227364049,0.477567076,-0.05348320864141,"1",12,"Eroded"
"787",0,193,96,0.47876592,3.265901029,1.141355904,0.255636900663376,"3",12,"Eroded"
"788",0,189,89,0.417241382,2.643350181,1.072650311,-0.040039733052254,"1",12,"Eroded"
"789",0,189,89,0.379891518,2.278573914,0.647397086,-0.092132367193699,"2",12,"Eroded"
"790",1,203,105,0.496830413,2.83796715,1.202095477,0.011767841875553,"2",12,"Eroded"
"791",0,189,89,0.36363896,1.587403186,0.382989571,-0.108640491962433,"0",12,"Non-eroded"
